word,frequency
call,369
free,219
txt,164
u,155
ur,144
text,139
mobil,136
stop,116
claim,115
repli,110
prize,94
get,87
p,73
tone,73
nokia,72
servic,72
send,69
new,69
award,67
week,63
urgent,63
win,62
cash,62
contact,61
phone,58
pleas,57
min,54
custom,51
tc,50
guarante,50
collect,50
per,46
messag,45
chat,45
box,45
ppm,44
draw,39
number,39
offer,39
tri,38
receiv,37
latest,37
go,37
line,37
day,36
today,36
voucher,36
msg,35
show,35
landlin,34
camera,33
everi,33
rington,32
holiday,32
select,31
want,31
st,30
appli,30
pobox,30
live,30
video,30
po,30
code,29
chanc,29
rate,29
cost,28
end,28
orang,28
network,27
date,27
await,27
entri,26
sm,26
pmin,26
know,26
poli,26
uk,25
mob,25
game,25
pound,24
weekli,24
wk,24
back,23
valid,23
r,23
charg,23
c,23
find,23
help,23
word,22
dont,22
hr,22
attempt,22
ye,21
deliveri,21
special,21
bonu,21
gift,21
sae,21
b,21
pic,21
play,20
yr,20
music,20
club,20
nd,20
tsc,20
updat,19
credit,19
wait,19
account,19
see,19
name,19
unsubscrib,19
take,19
time,19
colour,18
privat,18
expir,18
join,18
mth,18
doubl,18
price,18
land,18
tell,18
final,17
top,17
order,17
winner,16
next,16
statement,16
unredeem,16
point,16
identifi,16
age,16
friend,16
pmsg,16
mobileupd,16
enter,16
dear,16
hi,16
auction,16
thank,15
camcord,15
oper,15
match,15
sexi,15
ltd,15
hot,15
xma,15
wkli,14
k,14
content,14
start,14
someon,14
think,14
congratul,14
cs,14
shop,14
like,13
year,13
last,13
weekend,13
quiz,13
real,13
im,13
optout,13
make,13
cd,13
easi,13
half,13
worth,13
savamob,13
opt,13
mate,13
freemsg,12
xxx,12
info,12
nation,12
eg,12
complimentari,12
ampm,12
caller,12
player,12
dog,12
look,12
anytim,12
minut,12
fanci,12
x,12
current,12
rental,12
ipod,12
import,12
good,12
enjoy,12
valu,11
month,11
use,11
follow,11
pl,11
invit,11
g,11
hmv,11
motorola,11
sex,11
need,11
fantasi,11
great,11
comp,10
reward,10
wap,10
miss,10
news,10
tomorrow,10
congrat,10
pm,10
repres,10
speak,10
sent,10
direct,10
txting,10
f,10
secret,10
admir,10
unlimit,10
choos,10
question,10
babe,10
custcar,10
love,10
ldn,10
welcom,10
term,10
sub,10
one,10
either,10
ntt,10
girl,10
wanna,10
inform,10
part,10
fun,9
std,9
england,9
bluetooth,9
discount,9
subscrib,9
best,9
summer,9
wwwgetzedcouk,9
chariti,9
reveal,9
digit,9
n,9
del,9
flag,9
entitl,8
hl,8
inc,8
sunshin,8
soni,8
freephon,8
ufind,8
rreveal,8
specialcal,8
tnc,8
answer,8
access,8
hgsuiteland,8
rowwjhl,8
activ,8
member,8
us,8
euro,8
area,8
night,8
store,8
bid,8
user,8
lucki,8
give,8
btnationalr,8
detail,8
may,7
still,7
etc,7
flight,7
dvd,7
download,7
e,7
even,7
horni,7
loyalti,7
sport,7
rcvd,7
cashbal,7
maxim,7
cashin,7
tenerif,7
visit,7
gb,7
unsub,7
within,7
spree,7
remov,7
gr,7
fantast,7
well,7
could,7
extra,7
care,7
skxh,7
guess,7
uve,7
log,7
onto,7
got,7
croydon,7
cr,7
wb,7
plu,7
bill,7
costa,7
sol,7
saturday,7
v,6
hour,6
link,6
pass,6
quot,6
standard,6
frnd,6
goto,6
tv,6
meet,6
handset,6
singl,6
keep,6
cc,6
first,6
vari,6
mp,6
announc,6
guy,6
vodafon,6
holder,6
pc,6
book,6
wwq,6
normpton,6
zed,6
record,6
asap,6
gay,6
regist,6
ask,6
sipix,6
an,6
httpwwwurawinnercom,6
luck,6
readi,6
arriv,6
bx,6
titl,6
arcad,6
fone,6
toclaim,6
stockport,6
costpm,6
maxmin,6
tariff,6
pick,6
cup,5
hey,5
ok,5
co,5
click,5
subscript,5
recent,5
come,5
voda,5
locat,5
bt,5
must,5
local,5
luv,5
th,5
wwwtcbiz,5
partner,5
flirt,5
sim,5
decemb,5
sonyericsson,5
gbp,5
logo,5
eve,5
poboxwwq,5
post,5
loan,5
condit,5
xpwk,5
immedi,5
alert,5
break,5
polyphon,5
wwwcomuknet,5
login,5
talk,5
videophon,5
videochat,5
wid,5
java,5
dload,5
nolin,5
rentl,5
cant,5
xchat,5
surpris,5
place,5
let,5
ptone,5
cum,5
xx,5
linerent,5
reach,5
eeri,5
rpli,5
comput,5
offici,5
inclus,5
ip,5
spook,5
crazi,5
cancel,5
fa,4
tkt,4
rcv,4
ac,4
correct,4
review,4
trip,4
app,4
q,4
countri,4
ansr,4
sptyron,4
tonight,4
largest,4
eca,4
noth,4
netcollex,4
wwwldewcomwinppmxag,4
upgrad,4
card,4
check,4
refer,4
ad,4
close,4
wcnxx,4
purpos,4
tenant,4
refus,4
cwwx,4
mono,4
ring,4
daili,4
forward,4
txtauction,4
muz,4
qxj,4
cm,4
ae,4
cust,4
ibiza,4
vip,4
address,4
sale,4
cheap,4
money,4
away,4
contract,4
bore,4
futur,4
ralli,4
deliv,4
txtin,4
set,4
wwwringtonescouk,4
origin,4
harri,4
pmsgrcvdhgsuitelandsrowwjhl,4
pod,4
nite,4
hope,4
hotel,4
brand,4
london,4
mobi,4
action,4
connect,4
bahama,4
excit,4
would,4
there,4
done,4
freefon,4
yer,4
eng,4
wwx,4
ntwk,4
ref,4
wan,4
sky,4
adult,4
stoptxt,4
youv,4
porn,4
fromm,4
film,4
santa,4
id,3
six,3
team,3
cinema,3
suprman,3
matrix,3
starwar,3
bxipw,3
advis,3
hear,3
simpli,3
password,3
mix,3
verifi,3
laid,3
gbpmtmsg,3
dream,3
soon,3
star,3
sam,3
penc,3
pwk,3
chart,3
genuin,3
infowwwpercentrealcom,3
tmobil,3
themob,3
newest,3
uz,3
gbpweek,3
germani,3
via,3
valentin,3
shag,3
avail,3
mobilesdirect,3
orstoptxt,3
true,3
competit,3
heart,3
ave,3
bcm,3
homeown,3
previous,3
notic,3
tcsstop,3
ibhltd,3
ldnwh,3
pmtmsgrcvd,3
renew,3
boxqu,3
kick,3
kept,3
result,3
postcod,3
work,3
textoper,3
uu,3
max,3
listen,3
pari,3
citi,3
skilgm,3
ever,3
life,3
subpoli,3
php,3
comuk,3
alfi,3
moon,3
children,3
song,3
ms,3
profit,3
recd,3
five,3
sk,3
wp,3
suppli,3
hello,3
till,3
liverpool,3
male,3
compani,3
tcrw,3
validhr,3
polyph,3
flower,3
peopl,3
wu,3
receipt,3
yesterday,3
mani,3
hgsuitelandsrowwjhl,3
energi,3
celeb,3
pocketbabecouk,3
voicemail,3
choic,3
lion,3
sauci,3
photo,3
arsen,3
alon,3
xxxxxxxxx,3
high,3
shortli,3
stay,3
sorri,3
hard,3
biggest,3
tour,3
ticket,3
chosen,3
buy,3
press,3
purchas,3
xxxxxxx,3
abta,3
right,3
person,3
mind,3
helpp,3
provid,3
boxnqp,3
men,3
hol,3
med,3
pix,3
cross,3
also,3
heard,3
rude,3
sp,3
halloween,3
logop,3
score,3
town,3
thing,3
amaz,3
hit,3
sept,3
king,3
super,3
littl,3
deliveredtomorrow,3
truli,3
wont,3
save,3
callback,3
ts,3
nat,3
goal,3
questionstd,2
ratetc,2
over,2
darl,2
chg,2
receivea,2
kl,2
csh,2
pday,2
tsandc,2
membership,2
jackpot,2
wwwdbuknet,2
lccltd,2
ldnwarw,2
sptv,2
eurodisinc,2
trav,2
acoentri,2
di,2
morefrmmob,2
shracomorsglsuplt,2
ls,2
aj,2
usher,2
britney,2
fml,2
gent,2
algarv,2
pmsgp,2
hardcor,2
randi,2
arrang,2
uniqu,2
enough,2
august,2
todayfrom,2
horo,2
sign,2
qualiti,2
pay,2
blind,2
fix,2
prepay,2
lifetim,2
updatenow,2
calloptoutndx,2
boxskch,2
wwwtxttowincouk,2
lover,2
mobno,2
adam,2
yahoo,2
txtno,2
juli,2
dave,2
nyt,2
wwwcom,2
cha,2
channel,2
web,2
wwwtxtshopcom,2
ag,2
promo,2
ladi,2
textbuddi,2
search,2
gaytextbuddycom,2
httpwwwetlpcoukexpressoff,2
rstm,2
sw,2
ss,2
premium,2
sue,2
old,2
tcsbcmwcnxx,2
callcost,2
mobilesvari,2
email,2
offerth,2
tctxt,2
pmtmsg,2
helplin,2
around,2
premier,2
tscswinawkag,2
perwksub,2
commun,2
psm,2
cashto,2
getstop,2
wed,2
world,2
discreet,2
virgin,2
wwwsmsconet,2
xxxxxx,2
drop,2
travel,2
crbt,2
fixedlin,2
mid,2
remind,2
cheaper,2
peak,2
lux,2
filthi,2
somebodi,2
secretli,2
dateboxessexcmxn,2
lshb,2
kickoff,2
eastend,2
dot,2
compar,2
violet,2
tulip,2
lili,2
wkentp,2
lot,2
mbp,2
warranti,2
speedchat,2
wish,2
wwwtxtcom,2
forget,2
request,2
fil,2
wrc,2
oz,2
lucozad,2
le,2
pack,2
lucozadecoukwrc,2
itcould,2
jordan,2
wwwldewcomsubswinppmx,2
nok,2
complet,2
wwwtextcompcom,2
hungri,2
feel,2
callsminmoremobsemspoboxpowa,2
jamster,2
videosound,2
lionm,2
lionp,2
potter,2
phoenix,2
among,2
reader,2
balanc,2
freeday,2
georg,2
jordantxt,2
bear,2
upload,2
calloptoutlf,2
wwwldewcom,2
textpod,2
wwwtextpodnet,2
clair,2
msgrcvd,2
luci,2
hubbi,2
fri,2
leav,2
callsminmobsmorelkpoboxhpfl,2
jsco,2
sing,2
british,2
swss,2
dracula,2
ghost,2
addamsfa,2
munster,2
exorcist,2
twilight,2
respons,2
cam,2
msgp,2
hlp,2
wwwmovietriviatv,2
wiv,2
marri,2
ringtoneget,2
freesend,2
weekstop,2
vu,2
bcmwcnxx,2
wow,2
boy,2
callfreefon,2
cruis,2
ibh,2
txtauctiontxt,2
wordstart,2
nowt,2
space,2
invad,2
orig,2
consol,2
ocoukgam,2
big,2
mr,2
foley,2
eye,2
wwwwincouk,2
straight,2
wet,2
gga,2
upto,2
btooth,2
total,2
prompt,2
tonesyoucouk,2
aom,2
gender,2
stamp,2
self,2
envelop,2
drink,2
bray,2
wicklow,2
eir,2
wwwidewcom,2
skillgam,2
winaweek,2
ppermesssubscript,2
satisfi,2
home,2
respond,2
gettin,2
lost,2
upd,2
mailbox,2
retriev,2
pub,2
quizwin,2
street,2
duchess,2
cornwal,2
footbal,2
gamestar,2
nowski,2
babi,2
wa,2
aclpm,2
brought,2
picsfre,2
instruct,2
knock,2
norm,2
lp,2
includ,2
str,2
fastest,2
grow,2
luxuri,2
canari,2
island,2
burger,2
breath,2
interflora,2
everyon,2
sinc,2
warm,2
bring,2
sound,2
mad,2
realiti,2
yet,2
your,2
drive,2
pt,2
improv,2
msgsp,2
visionsmscom,2
lotr,2
lookatm,2
poboxwtgp,2
cameravideo,2
movi,2
bloomberg,2
center,2
httpcareer,2
bloombergcom,2
meetgreet,2
westlif,2
unbreak,2
untam,2
unkempt,2
bank,2
granit,2
issu,2
strongbuy,2
explos,2
nasdaq,2
symbol,2
cdgt,2
thur,2
sat,2
believ,2
incred,2
learn,2
blow,2
ofwd,2
ptxt,2
unabl,2
reschedul,2
class,2
mila,2
blond,2
mtalk,2
pptxt,2
increment,2
funk,2
tonesu,2
iscom,2
blu,2
httptm,2
widelivecomindex,2
calloptout,2
housew,2
btnation,2
la,2
spanish,2
indic,2
accid,2
dayfind,2
natalja,2
wwwsmsacunat,2
polyh,2
anoth,2
polo,2
suit,2
wj,2
busi,2
explicit,2
sec,2
mnth,2
subscribegbpmnth,2
stoptxtstop,2
randomli,2
loyal,2
support,2
warner,2
villag,2
henri,2
donat,2
wallpap,2
due,2
garden,2
bulb,2
seed,2
scotsman,2
notxtcouk,2
mayb,2
mxi,2
tb,1
xxxmobilemovieclub,1
httpwap,1
xxxmobilemovieclubcomnqjkgighjjgcbl,1
macedonia,1
goalsteam,1
trywal,1
scotland,1
poboxoxwwq,1
confirm,1
rodger,1
burn,1
jersey,1
devil,1
detroit,1
red,1
wing,1
ice,1
hockey,1
incorrect,1
divorc,1
barbi,1
ken,1
stuff,1
boxwrc,1
gravel,1
nt,1
youll,1
svc,1
havent,1
femal,1
annonc,1
bootydeli,1
wwwsmsacubootydeli,1
bangbab,1
way,1
bangb,1
internetservic,1
menu,1
wwwareyouuniquecouk,1
career,1
flyng,1
ari,1
recdthirtyeight,1
realli,1
nake,1
chang,1
clubmobilescom,1
mk,1
wt,1
thfebtc,1
rodd,1
aberdeen,1
unit,1
kingdom,1
httpimg,1
acwicmbcktzr,1
hide,1
gossip,1
fit,1
funki,1
smart,1
nowtc,1
winnersclub,1
dointerest,1
sextextukcom,1
xxuk,1
suzi,1
websit,1
calloptoutfq,1
rp,1
wwwregalportfoliocouk,1
xpw,1
poboxntfp,1
upgrdcentr,1
okmail,1
moan,1
boltblu,1
slide,1
yeah,1
slow,1
jamz,1
toxic,1
httpwwwbubbletextcom,1
pin,1
tgxxrz,1
reciev,1
teletext,1
pg,1
wwwapplausestorecom,1
monthlysubscriptionpmsg,1
maxmonth,1
tcsc,1
textand,1
xclusiveclubsaisai,1
morow,1
soire,1
zouk,1
nichol,1
parisfre,1
rose,1
sun,1
helloy,1
seem,1
cool,1
lapdanc,1
bedroom,1
da,1
ppmsg,1
ngage,1
deck,1
wwwcnupdatescomnewslett,1
alertfrom,1
jeri,1
stewarts,1
kbsubject,1
lowcost,1
prescripiton,1
drvgsto,1
realiz,1
thousand,1
run,1
tattoo,1
romant,1
unclaim,1
closingd,1
claimcod,1
mm,1
pmmorefrommobilebremovedmobypoboxlsyf,1
thought,1
perfect,1
toppoli,1
tune,1
pole,1
thmarch,1
availa,1
rg,1
jx,1
outbid,1
simonwatson,1
shinco,1
plyr,1
acsmsreward,1
notif,1
smsservic,1
yourinclus,1
voucherstext,1
nowsavamobmemb,1
fall,1
mysteri,1
approx,1
posh,1
bird,1
chap,1
trial,1
prod,1
champney,1
put,1
dob,1
ta,1
stopsm,1
alreadi,1
paid,1
httpdoit,1
mymobi,1
lastest,1
stereophon,1
marley,1
dizze,1
racal,1
libertin,1
stroke,1
nookii,1
bookmark,1
januari,1
million,1
pptxnormal,1
wtji,1
matthew,1
hp,1
yf,1
touch,1
folk,1
stori,1
panason,1
bluetoothhdset,1
doublemin,1
doubletxt,1
bloke,1
zoe,1
wwwflirtpartyu,1
elvi,1
presley,1
birthday,1
speed,1
em,1
swap,1
chatter,1
rcd,1
survey,1
howev,1
stchoicecouk,1
notifi,1
market,1
sexual,1
cute,1
door,1
exp,1
apr,1
accommod,1
variou,1
global,1
wwwphbcom,1
moro,1
jane,1
biz,1
gold,1
logosmusicnew,1
jamstercouk,1
sang,1
uptown,1
nick,1
tom,1
pete,1
dick,1
fact,1
type,1
winppmxag,1
dartboard,1
trebl,1
optin,1
what,1
bbc,1
havin,1
borin,1
bought,1
wordcollect,1
tcllc,1
nyusa,1
pmt,1
meetin,1
cumin,1
wwwbiz,1
leadership,1
skill,1
strong,1
psychic,1
wquestion,1
vote,1
along,1
karaok,1
instal,1
brows,1
artist,1
wwworangecoukow,1
olymp,1
rtking,1
pro,1
inforingtonekingcouk,1
redeem,1
wwwringtonekingcouk,1
anetwork,1
allow,1
supplier,1
freemsgfeelin,1
kinda,1
lnli,1
jst,1
pictxt,1
rgent,1
lookin,1
daytim,1
busti,1
woman,1
sort,1
janinexx,1
monthli,1
mobsicom,1
four,1
suffici,1
prebook,1
trackmarqu,1
infovipclubu,1
mandi,1
sullivan,1
hotmix,1
fmyou,1
easter,1
drawpleas,1
telephon,1
transfer,1
els,1
conact,1
youto,1
poboxntf,1
brother,1
cro,1
hottest,1
hack,1
backdoor,1
room,1
fraction,1
neo,1
dp,1
xnet,1
minstxtmth,1
optoutdwv,1
prizeto,1
nearli,1
ban,1
extrem,1
dirti,1
offic,1
privaci,1
sic,1
videop,1
wild,1
ill,1
hurri,1
prcvd,1
stopstop,1
rpl,1
cnl,1
vpod,1
minapn,1
lsbb,1
fifa,1
held,1
themobyo,1
yo,1
yoher,1
open,1
skillgamewinaweek,1
ageppermesssubscript,1
cast,1
gbpmonth,1
boxm,1
er,1
wither,1
egf,1
egg,1
messagestext,1
nowus,1
webmobil,1
txtcom,1
lawu,1
txtx,1
freeringtonerepli,1
bu,1
wc,1
marsm,1
wwwbutelecom,1
buffi,1
qlynnbv,1
bundl,1
deal,1
avbl,1
calloptoutj,1
mf,1
ya,1
goten,1
bout,1
scammer,1
smartthough,1
regular,1
prem,1
msgsubscript,1
no,1
bewar,1
morro,1
passion,1
dena,1
minmobsmorelkpoboxhpfl,1
splashmobil,1
subscrit,1
stoptx,1
arrow,1
tddnewsletteremccouk,1
thedailydraw,1
helen,1
dozen,1
prizeswith,1
nqp,1
freenokia,1
oroptouthvd,1
restrict,1
buddi,1
sir,1
resub,1
monoc,1
polyc,1
stream,1
becausethey,1
wrg,1
nasti,1
filthyguy,1
bitch,1
slo,1
slomsg,1
gotto,1
comukcm,1
ithi,1
creat,1
page,1
wwwasjesuscom,1
read,1
wrote,1
opinion,1
wwwmusictrivianet,1
sppok,1
complementari,1
px,1
sender,1
hvae,1
poboxtcrw,1
infotxtcouk,1
mini,1
snap,1
quizclub,1
sprwm,1
ph,1
gmw,1
vid,1
keyword,1
ten,1
tarot,1
horniest,1
nytecalpmsgp,1
whose,1
wwwtklscom,1
stoptxtstopweek,1
ccpmin,1
w,1
wq,1
park,1
mcflyall,1
ab,1
sara,1
jorgeshock,1
smithswitch,1
fan,1
txtp,1
europ,1
bannfwflyppm,1
maq,1
jame,1
ehrr,1
women,1
instantli,1
bcmsfwcnxx,1
footi,1
stadium,1
larg,1
cocacola,1
walk,1
child,1
afraid,1
dark,1
becom,1
teenag,1
bin,1
instant,1
freemsgfav,1
tonesrepli,1
crazyin,1
sleepingwith,1
finest,1
ymca,1
getzedcouk,1
poboxowwq,1
late,1
christma,1
midnight,1
romcapspam,1
presenc,1
outgo,1
freemessag,1
jamsterget,1
frog,1
stopbcm,1
sf,1
pdatenow,1
calloptoutyhl,1
packag,1
resubmit,1
expiri,1
anyon,1
slower,1
idiot,1
faster,1
maniac,1
calloptoutqf,1
profession,1
tiger,1
wood,1
minscal,1
calloptoutjq,1
chrgdp,1
exit,1
ton,1
hunk,1
httpgotbabescouk,1
abroad,1
lone,1
xxsp,1
stopcost,1
agent,1
load,1
goodi,1
mat,1
lord,1
ringsreturn,1
nowrepli,1
june,1
soundtrack,1
stdtxtrate,1
feb,1
classic,1
nokiap,1
polyp,1
clip,1
better,1
mmsto,1
vat,1
httpwwwetlpcoukreward,1
skilgmetscswinawkageperwksub,1
hava,1
rct,1
thnq,1
adrian,1
rgd,1
vatian,1
lose,1
boxskwpppm,1
msgwe,1
mistak,1
shortcod,1
refundedthi,1
never,1
much,1
came,1
made,1
gbpsm,1
deltomorrow,1
begin,1
smartcal,1
subscriptngbpwk,1
landlineonli,1
textsweekend,1
orno,1
fink,1
met,1
promis,1
carli,1
callsminmobsmor,1
lkpoboxhpfl,1
lingeri,1
wwwbridalpetticoatdreamscouk,1
superb,1
weddingfriend,1
knicker,1
beg,1
nikiyunet,1
dorothykiefercom,1
ppmpoboxbhambx,1
theyr,1
sell,1
fast,1
rock,1
chik,1
filth,1
saristar,1
yt,1
wirenet,1
stterm,1
mobcudb,1
j,1
boxcpm,1
banneduk,1
round,1
highest,1
maximum,1
wwwrtfsphostingcom,1
will,1
strt,1
ltdhelpdesk,1
mytonecomenjoy,1
html,1
mfl,1
wamma,1
laidwant,1
doggin,1
nownyt,1
promot,1
colourredtextcolourtxtstar,1
wildest,1
tfp,1
airport,1
loung,1
sxi,1
mobstorequizppm,1
twink,1
scalli,1
skin,1
jock,1
row,1
concert,1
novemb,1
costmax,1
nowsend,1
cncl,1
stopc,1
ringtonefrom,1
wmlidbaeceffffirsttruejul,1
oh,1
god,1
ive,1
found,1
glad,1
xafter,1
cst,1
pictur,1
httpaltocoukwavewaveaspo,1
calloptouthf,1
xxxxx,1
freerington,1
pushbutton,1
dontcha,1
babygoodby,1
golddigg,1
webeburnin,1
gnarl,1
barkley,1
secur,1
unsecur,1
ringtonek,1
tripl,1
echo,1
dial,1
xyour,1
poboxldn,1
tbspersolvo,1
chase,1
definit,1
ignor,1
kath,1
manchest,1
bad,1
noworriesloanscom,1
season,1
villa,1
hero,1
tip,1
gsoh,1
spam,1
ladiesu,1
gigolo,1
oncal,1
mjzgroup,1
ukp,1
spjanuari,1
simpson,1
releas,1
band,1
die,1
agreen,1
bblue,1
cred,1
amanda,1
regard,1
tel,1
subject,1
httpwwwwtlpcouktext,1
ez,1
cmon,1
turn,1
sticki,1
prizeawait,1
left,1
normal,1
gpr,1
accordingli,1
repeat,1
block,1
breaker,1
delux,1
format,1
featur,1
graphic,1
bbdelux,1
challeng,1
kit,1
strip,1
ig,1
oja,1
thesmszonecom,1
anonym,1
mask,1
messagesim,1
theredo,1
potenti,1
abus,1
shi,1
landmark,1
bob,1
barri,1
ben,1
tonex,1
wwwclubzedcouk,1
recpt,1
process,1
headset,1
adp,1
floppi,1
snappi,1
happi,1
ukmobiled,1
mg,1
proze,1
norcorp,1
ltdmtmsgrcvd,1
item,1
cfcaa,1
wine,1
wot,1
cock,1
man,1
wife,1
string,1
rec,1
ea,1
otbox,1
ws,1
sexiest,1
dirtiest,1
chatim,1
utxt,1
laugh,1
chitchat,1
logon,1
zf,1
tcsbcmwcnxxcallcostppmmobilesvari,1
stopsmsppm,1
cannam,1
capit,1
australia,1
mquiz,1
rip,1
wwwclubmobycom,1
polytruepixringtonesgam,1
chloe,1
smash,1
ptext,1
rayman,1
golf,1
key,1
termsappli,1
minstext,1
coolmob,1
frogaxel,1
akonlon,1
black,1
eyeddont,1
cashbincouk,1
wwwcashbincouk,1
continu,1
presid,1
callsppm,1
wwwsantacallingcom,1
smsshsexnetun,1
fgkslpopw,1
fgkslpo,1
messagethank,1
pmsgrcvd,1
skip,1
customercar,1
lyricalladief,1
wwwsmsacuhmmross,1
ou,1
sn,1
nr,1
zs,1
pw,1
colin,1
farrel,1
swat,1
wkend,1
popcornjust,1
msgticketkioskvalid,1
kiosk,1
mre,1
simpl,1
shot,1
yard,1
bergkamp,1
margin,1
sexychat,1
ami,1
coupl,1
parti,1
benefit,1
train,1
advisor,1
diall,1
meal,1
dine,1
experiencehttpwwwvouchmecometlpdiningasp,1
unicef,1
asian,1
tsunami,1
disast,1
fund,1
goldvik,1
wwwsmsacugoldvik,1
phoni,1
xxxx,1
freeentri,1
xt,1
pmeg,1
codexx,1
deepest,1
darkest,1
natali,1
wwwsmsacunataliek,1
accommodationvouch,1
mustprovid,1
winawk,1
perweeksub,1
themobhit,1
pink,1
panther,1
sugabab,1
zebra,1
anim,1
badass,1
hoodi,1
wallpaperal,1
resent,1
previou,1
fail,1
error,1
queri,1
customersqueriesnetvisionukcom,1
vco,1
ree,1
compens,1
wwwtelediscountcouk,1
someonon,1
wwwldewcomwinppmxagesubscript,1
textcomp,1
subsequ,1
chargedpmsg,1
erot,1
ecstaci,1
dept,1
datingi,1
two,1
radio,1
coincid,1
lead,1
paus,1
grprize,1
psp,1
wktxt,1
httpwwwgrprizescom,1
legitimat,1
efreefon,1
wat,1
polic,1
station,1
toilet,1
stolen,1
cop,1
sparkl,1
wwwshortbreaksorguk,1
wwwgambtv,1
wmlidadafirsttruec,1
planettalkinstantcom,1
marvel,1
ultim,1
spiderman,1
spider,1
ball,1
gsex,1
wcn,1
chatlin,1
inclu,1
india,1
serv,1
sed,1
ler,1
mega,1
giv,1
shit,1
bailiff,1
hous,1
